ID,Name,Building_number,Room_number
1,Pediatrics Unit 1,1,479
2,Urology Unit 2,4,214
3,Radiology Unit 3,12,152
4,Anesthesiology Unit 4,2,402
5,Ophthalmology Unit 5,1,115
6,Orthopedics Unit 6,4,219
7,Surgery Unit 7,10,113
8,Anesthesiology Unit 8,4,466
9,Anesthesiology Unit 9,7,212
10,ENT Unit 10,10,242
11,Cardiology Unit 11,13,512
12,Oncology Unit 12,12,316
13,Pulmonology Unit 13,5,179
14,Dermatology Unit 14,13,272
15,Pediatrics Unit 15,2,294
16,Pediatrics Unit 16,6,533
17,Endocrinology Unit 17,10,235
18,Neurology Unit 18,12,335
19,Anesthesiology Unit 19,2,598
20,Nephrology Unit 20,2,382
21,Gastroenterology Unit 21,14,421
22,Rehabilitation Unit 22,15,541
23,Endocrinology Unit 23,10,198
24,Orthopedics Unit 24,1,438
25,Emergency Unit 25,13,248
26,Orthopedics Unit 26,14,219
27,Pediatrics Unit 27,7,242
28,ENT Unit 28,11,527
29,Endocrinology Unit 29,3,289
30,Endocrinology Unit 30,4,443
31,Urology Unit 31,12,579
32,Orthopedics Unit 32,10,425
33,Oncology Unit 33,9,473
34,Emergency Unit 34,3,336
35,Nephrology Unit 35,5,573
36,Anesthesiology Unit 36,4,450
37,Pulmonology Unit 37,14,493
38,Neurology Unit 38,4,520
39,Neurology Unit 39,13,261
40,Nephrology Unit 40,5,133
41,Dermatology Unit 41,15,582
42,Pathology Unit 42,15,467
43,Pulmonology Unit 43,4,435
44,Psychiatry Unit 44,7,552
45,ENT Unit 45,3,235
46,Radiology Unit 46,4,481
47,Anesthesiology Unit 47,9,234
48,Pathology Unit 48,7,559
49,Pathology Unit 49,7,285
50,Emergency Unit 50,3,360
51,Psychiatry Unit 51,2,486
52,Neurology Unit 52,14,156
53,Radiology Unit 53,11,181
54,Ophthalmology Unit 54,10,132
55,Nephrology Unit 55,7,405
56,ENT Unit 56,9,228
57,Anesthesiology Unit 57,14,582
58,Cardiology Unit 58,11,469
59,Pediatrics Unit 59,11,553
60,Anesthesiology Unit 60,13,236
61,Pulmonology Unit 61,2,250
62,Ophthalmology Unit 62,3,332
63,Cardiology Unit 63,12,548
64,Urology Unit 64,9,490
65,Oncology Unit 65,9,567
66,Pediatrics Unit 66,14,420
67,Gastroenterology Unit 67,14,427
68,Surgery Unit 68,10,201
69,Radiology Unit 69,6,490
70,Oncology Unit 70,9,588
71,Surgery Unit 71,15,100
72,Rehabilitation Unit 72,6,350
73,Cardiology Unit 73,2,575
74,Endocrinology Unit 74,15,525
75,Gastroenterology Unit 75,4,129
76,Emergency Unit 76,15,390
77,Orthopedics Unit 77,2,474
78,Psychiatry Unit 78,14,135
79,Anesthesiology Unit 79,13,164
80,Radiology Unit 80,11,343
81,Anesthesiology Unit 81,3,235
82,Surgery Unit 82,14,410
83,Ophthalmology Unit 83,4,575
84,Anesthesiology Unit 84,13,473
85,Dermatology Unit 85,12,259
86,Nephrology Unit 86,11,432
87,Endocrinology Unit 87,8,560
88,Surgery Unit 88,8,161
89,Emergency Unit 89,4,132
90,Pulmonology Unit 90,1,401
91,Anesthesiology Unit 91,4,401
92,Emergency Unit 92,1,136
93,Neurology Unit 93,4,134
94,Neurology Unit 94,14,269
95,Orthopedics Unit 95,9,221
96,Urology Unit 96,11,348
97,Dermatology Unit 97,9,167
98,Pathology Unit 98,10,342
99,Emergency Unit 99,13,342
100,Ophthalmology Unit 100,4,148
101,Pediatrics Unit 101,11,320
102,Endocrinology Unit 102,7,310
103,ENT Unit 103,14,473
104,Neurology Unit 104,11,434
105,Pediatrics Unit 105,1,306
106,Pulmonology Unit 106,13,541
107,Pediatrics Unit 107,4,198
108,Dermatology Unit 108,9,329
109,Radiology Unit 109,7,193
110,Urology Unit 110,8,227
111,Orthopedics Unit 111,8,513
112,Anesthesiology Unit 112,2,125
113,Anesthesiology Unit 113,14,107
114,Orthopedics Unit 114,15,485
115,Emergency Unit 115,3,308
116,Psychiatry Unit 116,8,209
117,Nephrology Unit 117,15,130
118,Oncology Unit 118,7,101
119,Nephrology Unit 119,5,574
120,ENT Unit 120,5,316
121,Anesthesiology Unit 121,11,467
122,Psychiatry Unit 122,3,197
123,Gastroenterology Unit 123,4,595
124,Neurology Unit 124,10,476
125,Anesthesiology Unit 125,1,482
126,Pulmonology Unit 126,1,125
127,Pathology Unit 127,8,357
128,Surgery Unit 128,3,129
129,Surgery Unit 129,2,535
130,Oncology Unit 130,2,404
131,Orthopedics Unit 131,11,541
132,Emergency Unit 132,7,161
133,Pathology Unit 133,4,396
134,Rehabilitation Unit 134,1,417
135,Orthopedics Unit 135,7,436
136,Pathology Unit 136,10,367
137,Pulmonology Unit 137,15,233
138,Dermatology Unit 138,11,466
139,Pulmonology Unit 139,4,235
140,Nephrology Unit 140,3,443
141,Gastroenterology Unit 141,8,261
142,Orthopedics Unit 142,1,334
143,Rehabilitation Unit 143,10,151
144,Orthopedics Unit 144,9,209
145,Surgery Unit 145,5,167
146,Endocrinology Unit 146,15,135
147,Emergency Unit 147,6,245
148,Oncology Unit 148,8,526
149,Anesthesiology Unit 149,12,254
150,Rehabilitation Unit 150,13,434
151,Surgery Unit 151,1,441
152,Anesthesiology Unit 152,5,577
153,Pediatrics Unit 153,15,168
154,Urology Unit 154,2,555
155,Pediatrics Unit 155,12,383
156,Radiology Unit 156,5,244
157,Rehabilitation Unit 157,4,467
158,Pulmonology Unit 158,4,451
159,Urology Unit 159,9,350
160,Urology Unit 160,15,564
161,Neurology Unit 161,2,424
162,Ophthalmology Unit 162,14,241
163,Neurology Unit 163,1,270
164,Radiology Unit 164,11,234
165,Oncology Unit 165,12,326
166,Anesthesiology Unit 166,12,318
167,Anesthesiology Unit 167,1,157
168,Orthopedics Unit 168,15,453
169,Radiology Unit 169,9,118
170,Endocrinology Unit 170,10,382
171,Radiology Unit 171,7,165
172,Neurology Unit 172,5,286
173,Neurology Unit 173,15,283
174,Dermatology Unit 174,11,227
175,Pediatrics Unit 175,6,499
176,Anesthesiology Unit 176,15,547
177,Ophthalmology Unit 177,10,483
178,Radiology Unit 178,15,576
179,Emergency Unit 179,14,183
180,Oncology Unit 180,15,311
181,Cardiology Unit 181,3,477
182,Pulmonology Unit 182,13,576
183,Ophthalmology Unit 183,13,442
184,Emergency Unit 184,5,181
185,Pediatrics Unit 185,7,546
186,Neurology Unit 186,14,340
187,Emergency Unit 187,4,518
188,ENT Unit 188,6,256
189,Emergency Unit 189,4,112
190,Dermatology Unit 190,7,268
191,Urology Unit 191,14,135
192,Urology Unit 192,6,428
193,Surgery Unit 193,7,447
194,Anesthesiology Unit 194,6,580
195,Cardiology Unit 195,2,549
196,Urology Unit 196,3,397
197,Urology Unit 197,1,155
198,Rehabilitation Unit 198,7,276
199,Pulmonology Unit 199,7,410
200,Surgery Unit 200,2,297
201,Pathology Unit 201,4,230
202,Neurology Unit 202,12,323
203,Cardiology Unit 203,9,573
204,Anesthesiology Unit 204,11,468
205,Dermatology Unit 205,6,320
206,Orthopedics Unit 206,11,571
207,Pulmonology Unit 207,10,260
208,Pediatrics Unit 208,12,560
209,Gastroenterology Unit 209,9,258
210,Ophthalmology Unit 210,6,306
211,Gastroenterology Unit 211,9,165
212,Dermatology Unit 212,7,440
213,Nephrology Unit 213,11,483
214,Oncology Unit 214,10,391
215,Gastroenterology Unit 215,7,380
216,Cardiology Unit 216,5,246
217,Dermatology Unit 217,7,502
218,Pathology Unit 218,10,435
219,Pulmonology Unit 219,8,326
220,ENT Unit 220,11,209
221,Surgery Unit 221,8,506
222,Oncology Unit 222,11,143
223,Gastroenterology Unit 223,9,439
224,Rehabilitation Unit 224,6,147
225,Emergency Unit 225,11,258
226,Emergency Unit 226,13,201
227,Radiology Unit 227,1,123
228,Emergency Unit 228,8,412
229,Orthopedics Unit 229,8,312
230,Pathology Unit 230,4,467
231,Nephrology Unit 231,8,304
232,Emergency Unit 232,3,435
233,Cardiology Unit 233,15,484
234,Pediatrics Unit 234,13,317
235,Emergency Unit 235,3,511
236,Surgery Unit 236,8,125
237,Anesthesiology Unit 237,4,569
238,Pediatrics Unit 238,8,168
239,ENT Unit 239,11,371
240,Anesthesiology Unit 240,10,262
241,ENT Unit 241,10,517
242,Surgery Unit 242,7,525
243,Anesthesiology Unit 243,8,559
244,Oncology Unit 244,12,541
245,Psychiatry Unit 245,8,232
246,Emergency Unit 246,14,426
247,Urology Unit 247,13,498
248,Surgery Unit 248,8,420
249,Emergency Unit 249,5,325
250,Orthopedics Unit 250,12,246
251,Emergency Unit 251,5,271
252,Pulmonology Unit 252,15,376
253,Orthopedics Unit 253,3,177
254,Emergency Unit 254,7,455
255,Radiology Unit 255,12,209
256,Orthopedics Unit 256,7,308
257,Pulmonology Unit 257,9,338
258,Ophthalmology Unit 258,1,205
259,Ophthalmology Unit 259,7,563
260,Pathology Unit 260,12,110
261,Pathology Unit 261,7,344
262,Cardiology Unit 262,6,252
263,Nephrology Unit 263,14,556
264,Ophthalmology Unit 264,9,482
265,Anesthesiology Unit 265,13,408
266,Emergency Unit 266,8,212
267,Urology Unit 267,7,348
268,Cardiology Unit 268,7,272
269,Nephrology Unit 269,12,184
270,ENT Unit 270,15,165
271,Rehabilitation Unit 271,9,113
272,Nephrology Unit 272,10,388
273,Cardiology Unit 273,2,429
274,Ophthalmology Unit 274,3,543
275,ENT Unit 275,3,125
276,Urology Unit 276,7,267
277,Dermatology Unit 277,8,267
278,Pulmonology Unit 278,13,550
279,Nephrology Unit 279,5,485
280,Ophthalmology Unit 280,5,527
281,Orthopedics Unit 281,8,109
282,Anesthesiology Unit 282,1,587
283,Endocrinology Unit 283,4,432
284,Orthopedics Unit 284,13,590
285,Neurology Unit 285,13,115
286,Emergency Unit 286,4,529
287,Cardiology Unit 287,10,178
288,Emergency Unit 288,3,342
289,Pediatrics Unit 289,10,585
290,Dermatology Unit 290,8,458
291,Urology Unit 291,13,288
292,Oncology Unit 292,10,410
293,Pediatrics Unit 293,13,519
294,Oncology Unit 294,5,155
295,Pathology Unit 295,1,575
296,Gastroenterology Unit 296,10,446
297,Nephrology Unit 297,7,582
298,Dermatology Unit 298,2,403
299,Emergency Unit 299,2,456
300,Gastroenterology Unit 300,14,450
301,Rehabilitation Unit 301,13,161
302,Pathology Unit 302,13,121
303,Endocrinology Unit 303,9,319
304,Endocrinology Unit 304,2,359
305,Pulmonology Unit 305,1,534
306,Ophthalmology Unit 306,14,350
307,Pediatrics Unit 307,7,591
308,Endocrinology Unit 308,11,556
309,ENT Unit 309,12,178
310,Ophthalmology Unit 310,3,475
311,Surgery Unit 311,11,238
312,Rehabilitation Unit 312,13,570
313,Anesthesiology Unit 313,13,347
314,ENT Unit 314,7,522
315,Pathology Unit 315,5,265
316,Emergency Unit 316,14,578
317,Orthopedics Unit 317,5,551
318,ENT Unit 318,4,484
319,ENT Unit 319,10,412
320,Nephrology Unit 320,6,114
321,Psychiatry Unit 321,14,266
322,Oncology Unit 322,8,208
323,Endocrinology Unit 323,13,232
324,Pulmonology Unit 324,5,550
325,Rehabilitation Unit 325,12,550
326,Urology Unit 326,9,105
327,Surgery Unit 327,4,143
328,Emergency Unit 328,12,308
329,Psychiatry Unit 329,9,488
330,Emergency Unit 330,12,343
331,Psychiatry Unit 331,8,505
332,Cardiology Unit 332,2,250
333,Emergency Unit 333,7,454
334,Emergency Unit 334,5,439
335,Pathology Unit 335,6,342
336,Anesthesiology Unit 336,9,276
337,Ophthalmology Unit 337,12,381
338,Pulmonology Unit 338,6,459
339,ENT Unit 339,5,256
340,Urology Unit 340,4,161
341,Dermatology Unit 341,6,161
342,Anesthesiology Unit 342,13,453
343,Oncology Unit 343,4,210
344,Psychiatry Unit 344,5,470
345,Pathology Unit 345,13,368
346,Rehabilitation Unit 346,5,151
347,Dermatology Unit 347,5,216
348,Endocrinology Unit 348,3,254
349,Cardiology Unit 349,12,373
350,Radiology Unit 350,5,123
351,Neurology Unit 351,9,249
352,Radiology Unit 352,11,544
353,Psychiatry Unit 353,2,546
354,Cardiology Unit 354,10,245
355,Psychiatry Unit 355,8,325
356,Pulmonology Unit 356,3,594
357,Neurology Unit 357,5,581
358,Psychiatry Unit 358,2,520
359,Orthopedics Unit 359,7,351
360,Orthopedics Unit 360,10,422
361,Neurology Unit 361,3,176
362,Pathology Unit 362,5,143
363,Emergency Unit 363,2,385
364,Ophthalmology Unit 364,10,405
365,Rehabilitation Unit 365,4,497
366,Surgery Unit 366,7,330
367,ENT Unit 367,5,540
368,Pathology Unit 368,7,256
369,Pathology Unit 369,10,130
370,Rehabilitation Unit 370,12,150
371,Dermatology Unit 371,11,208
372,Urology Unit 372,11,141
373,Oncology Unit 373,4,188
374,Anesthesiology Unit 374,2,180
375,Cardiology Unit 375,7,330
376,Rehabilitation Unit 376,8,249
377,Neurology Unit 377,4,247
378,Gastroenterology Unit 378,12,540
379,ENT Unit 379,2,451
380,Emergency Unit 380,15,235
381,Pathology Unit 381,11,511
382,Dermatology Unit 382,7,158
383,Anesthesiology Unit 383,4,431
384,Radiology Unit 384,15,236
385,Radiology Unit 385,2,130
386,Oncology Unit 386,13,257
387,Rehabilitation Unit 387,12,522
388,Pathology Unit 388,15,247
389,ENT Unit 389,2,339
390,Gastroenterology Unit 390,12,306
391,Urology Unit 391,9,376
392,Psychiatry Unit 392,8,141
393,Rehabilitation Unit 393,1,555
394,Ophthalmology Unit 394,12,265
395,Rehabilitation Unit 395,5,113
396,Orthopedics Unit 396,4,592
397,Pathology Unit 397,10,586
398,Cardiology Unit 398,13,444
399,Urology Unit 399,10,120
400,Oncology Unit 400,8,365
401,ENT Unit 401,15,242
402,Oncology Unit 402,10,323
403,Psychiatry Unit 403,2,340
404,Endocrinology Unit 404,7,270
405,Pulmonology Unit 405,11,153
406,Oncology Unit 406,6,310
407,Psychiatry Unit 407,5,439
408,Nephrology Unit 408,14,489
409,Anesthesiology Unit 409,1,332
410,Orthopedics Unit 410,6,229
411,Pulmonology Unit 411,2,596
412,Nephrology Unit 412,14,363
413,Cardiology Unit 413,11,545
414,Anesthesiology Unit 414,8,311
415,Neurology Unit 415,4,365
416,Endocrinology Unit 416,10,487
417,Psychiatry Unit 417,11,326
418,Neurology Unit 418,4,236
419,Anesthesiology Unit 419,3,574
420,Gastroenterology Unit 420,8,550
421,Psychiatry Unit 421,2,114
422,Rehabilitation Unit 422,13,222
423,Oncology Unit 423,5,382
424,Cardiology Unit 424,9,308
425,Orthopedics Unit 425,4,530
426,Pediatrics Unit 426,8,584
427,Pediatrics Unit 427,11,526
428,Radiology Unit 428,8,577
429,Gastroenterology Unit 429,9,461
430,Urology Unit 430,7,527
431,Psychiatry Unit 431,8,224
432,ENT Unit 432,9,174
433,Nephrology Unit 433,4,571
434,Rehabilitation Unit 434,9,482
435,Radiology Unit 435,14,135
436,Urology Unit 436,13,504
437,Ophthalmology Unit 437,6,578
438,Surgery Unit 438,5,520
439,Cardiology Unit 439,5,471
440,Gastroenterology Unit 440,14,400
441,Pathology Unit 441,11,350
442,Radiology Unit 442,8,375
443,Psychiatry Unit 443,6,270
444,Anesthesiology Unit 444,13,378
445,Nephrology Unit 445,8,577
446,Pulmonology Unit 446,14,196
447,Emergency Unit 447,10,296
448,Emergency Unit 448,14,497
449,Ophthalmology Unit 449,1,262
450,Psychiatry Unit 450,12,567
451,Nephrology Unit 451,7,439
452,Radiology Unit 452,8,593
453,Neurology Unit 453,3,357
454,Pathology Unit 454,6,545
455,Pediatrics Unit 455,14,532
456,ENT Unit 456,2,369
457,ENT Unit 457,1,469
458,Radiology Unit 458,7,545
459,Radiology Unit 459,2,340
460,Urology Unit 460,6,419
461,Nephrology Unit 461,11,141
462,Pulmonology Unit 462,14,445
463,Anesthesiology Unit 463,7,588
464,Pulmonology Unit 464,11,467
465,Psychiatry Unit 465,14,377
466,Neurology Unit 466,10,135
467,Emergency Unit 467,11,450
468,Gastroenterology Unit 468,4,482
469,Orthopedics Unit 469,7,150
470,Pediatrics Unit 470,8,185
471,Gastroenterology Unit 471,15,114
472,Neurology Unit 472,6,507
473,Neurology Unit 473,5,283
474,Endocrinology Unit 474,7,174
475,Emergency Unit 475,9,310
476,Pathology Unit 476,11,505
477,Oncology Unit 477,3,189
478,Orthopedics Unit 478,10,545
479,Nephrology Unit 479,10,449
480,Emergency Unit 480,8,567
481,Pathology Unit 481,3,218
482,ENT Unit 482,11,230
483,ENT Unit 483,5,441
484,Cardiology Unit 484,15,511
485,ENT Unit 485,15,247
486,Anesthesiology Unit 486,3,137
487,ENT Unit 487,6,400
488,Gastroenterology Unit 488,11,592
489,Ophthalmology Unit 489,12,228
490,ENT Unit 490,14,254
491,Dermatology Unit 491,7,536
492,Psychiatry Unit 492,2,221
493,Nephrology Unit 493,10,283
494,Pathology Unit 494,5,458
495,Gastroenterology Unit 495,1,524
496,Nephrology Unit 496,5,104
497,Pathology Unit 497,14,451
498,Neurology Unit 498,15,410
499,Psychiatry Unit 499,14,562
500,Gastroenterology Unit 500,13,509
501,Emergency Unit 501,10,510
502,Endocrinology Unit 502,4,425
503,Dermatology Unit 503,10,228
504,Radiology Unit 504,11,149
505,Neurology Unit 505,5,503
506,ENT Unit 506,1,396
507,Endocrinology Unit 507,12,167
508,Orthopedics Unit 508,15,251
509,Pulmonology Unit 509,12,312
510,Oncology Unit 510,4,167
511,Anesthesiology Unit 511,15,597
512,Endocrinology Unit 512,9,356
513,Urology Unit 513,14,184
514,Urology Unit 514,15,522
515,Psychiatry Unit 515,13,251
516,Pulmonology Unit 516,13,158
517,ENT Unit 517,2,172
518,Emergency Unit 518,14,446
519,Nephrology Unit 519,14,511
520,Anesthesiology Unit 520,6,146
521,Nephrology Unit 521,1,235
522,Anesthesiology Unit 522,2,332
523,Endocrinology Unit 523,11,483
524,Urology Unit 524,10,295
525,Endocrinology Unit 525,2,445
526,Emergency Unit 526,8,112
527,Rehabilitation Unit 527,15,582
528,Anesthesiology Unit 528,6,568
529,Rehabilitation Unit 529,4,431
530,Orthopedics Unit 530,11,521
531,ENT Unit 531,15,458
532,Gastroenterology Unit 532,11,309
533,Pediatrics Unit 533,3,123
534,Neurology Unit 534,5,352
535,Pediatrics Unit 535,2,220
536,Anesthesiology Unit 536,3,298
537,ENT Unit 537,6,443
538,Anesthesiology Unit 538,7,400
539,Radiology Unit 539,15,312
540,Pediatrics Unit 540,14,350
541,Rehabilitation Unit 541,7,580
542,Urology Unit 542,1,453
543,Endocrinology Unit 543,4,327
544,ENT Unit 544,4,537
545,Endocrinology Unit 545,2,451
546,Endocrinology Unit 546,9,561
547,Endocrinology Unit 547,1,303
548,Urology Unit 548,4,595
549,Pediatrics Unit 549,14,521
550,ENT Unit 550,2,439
551,Dermatology Unit 551,11,427
552,Rehabilitation Unit 552,1,125
553,Pulmonology Unit 553,4,164
554,Pathology Unit 554,4,135
555,Anesthesiology Unit 555,4,400
556,Dermatology Unit 556,14,545
557,Emergency Unit 557,6,496
558,Radiology Unit 558,13,561
559,Rehabilitation Unit 559,1,241
560,Radiology Unit 560,3,376
561,Urology Unit 561,13,189
562,Pediatrics Unit 562,11,543
563,Cardiology Unit 563,3,107
564,Endocrinology Unit 564,13,503
565,Emergency Unit 565,10,265
566,Cardiology Unit 566,3,235
567,Neurology Unit 567,3,479
568,Ophthalmology Unit 568,9,158
569,Orthopedics Unit 569,8,329
570,Endocrinology Unit 570,9,403
571,Pediatrics Unit 571,8,357
572,Emergency Unit 572,10,122
573,Surgery Unit 573,5,334
574,Cardiology Unit 574,1,345
575,Nephrology Unit 575,7,451
576,Pediatrics Unit 576,8,464
577,ENT Unit 577,2,560
578,Orthopedics Unit 578,6,411
579,Radiology Unit 579,2,164
580,Urology Unit 580,10,424
581,Pathology Unit 581,9,464
582,Pulmonology Unit 582,7,405
583,Surgery Unit 583,5,332
584,Surgery Unit 584,10,320
585,Pediatrics Unit 585,13,459
586,Pediatrics Unit 586,14,435
587,Anesthesiology Unit 587,12,543
588,Dermatology Unit 588,7,331
589,Emergency Unit 589,7,273
590,ENT Unit 590,7,312
591,Pediatrics Unit 591,6,318
592,Pulmonology Unit 592,11,230
593,Endocrinology Unit 593,3,451
594,Psychiatry Unit 594,2,146
595,Orthopedics Unit 595,2,321
596,Pediatrics Unit 596,12,478
597,Endocrinology Unit 597,13,166
598,Anesthesiology Unit 598,1,400
599,Anesthesiology Unit 599,9,268
600,Pediatrics Unit 600,7,281
601,Ophthalmology Unit 601,14,568
602,Neurology Unit 602,5,407
603,Gastroenterology Unit 603,6,153
604,Pathology Unit 604,9,208
605,Radiology Unit 605,11,346
606,Emergency Unit 606,14,155
607,Endocrinology Unit 607,14,384
608,Endocrinology Unit 608,2,490
609,Urology Unit 609,10,215
610,Ophthalmology Unit 610,14,387
611,Rehabilitation Unit 611,10,445
612,Anesthesiology Unit 612,1,411
613,Urology Unit 613,1,192
614,Urology Unit 614,12,490
615,Gastroenterology Unit 615,15,273
616,Endocrinology Unit 616,1,192
617,Radiology Unit 617,10,436
618,Nephrology Unit 618,2,172
619,Cardiology Unit 619,2,482
620,Surgery Unit 620,4,292
621,Ophthalmology Unit 621,8,274
622,Oncology Unit 622,6,259
623,Pulmonology Unit 623,13,582
624,Pathology Unit 624,10,143
625,Neurology Unit 625,3,180
626,Rehabilitation Unit 626,1,445
627,Orthopedics Unit 627,5,326
628,Ophthalmology Unit 628,8,410
629,ENT Unit 629,7,239
630,Dermatology Unit 630,13,362
631,Pediatrics Unit 631,6,320
632,Pediatrics Unit 632,5,447
633,Pathology Unit 633,8,369
634,Gastroenterology Unit 634,1,212
635,Nephrology Unit 635,10,128
636,Cardiology Unit 636,4,254
637,Dermatology Unit 637,13,170
638,Urology Unit 638,5,267
639,Pediatrics Unit 639,1,354
640,Ophthalmology Unit 640,3,166
641,Nephrology Unit 641,9,460
642,Emergency Unit 642,9,386
643,Endocrinology Unit 643,2,303
644,Neurology Unit 644,7,109
645,ENT Unit 645,15,139
646,Pulmonology Unit 646,10,319
647,Pathology Unit 647,7,463
648,Ophthalmology Unit 648,5,158
649,Nephrology Unit 649,1,594
650,Pulmonology Unit 650,3,510
651,Rehabilitation Unit 651,8,525
652,Endocrinology Unit 652,2,323
653,Pediatrics Unit 653,4,323
654,Pathology Unit 654,7,368
655,Orthopedics Unit 655,7,545
656,Gastroenterology Unit 656,12,273
657,Emergency Unit 657,6,498
658,Oncology Unit 658,2,361
659,Pediatrics Unit 659,9,361
660,Dermatology Unit 660,15,497
661,Endocrinology Unit 661,6,472
662,Radiology Unit 662,4,152
663,Radiology Unit 663,5,201
664,Oncology Unit 664,10,178
665,Orthopedics Unit 665,3,587
666,Psychiatry Unit 666,8,486
667,Pathology Unit 667,13,396
668,ENT Unit 668,11,573
669,Pathology Unit 669,11,425
670,Rehabilitation Unit 670,6,542
671,Pulmonology Unit 671,3,325
672,Orthopedics Unit 672,8,326
673,Gastroenterology Unit 673,13,240
674,Pathology Unit 674,1,280
675,Surgery Unit 675,2,258
676,ENT Unit 676,8,119
677,Neurology Unit 677,6,525
678,Gastroenterology Unit 678,2,430
679,Orthopedics Unit 679,10,404
680,Surgery Unit 680,7,336
681,Pathology Unit 681,9,588
682,Neurology Unit 682,8,565
683,Pathology Unit 683,11,196
684,Pulmonology Unit 684,10,343
685,Surgery Unit 685,3,590
686,Neurology Unit 686,8,152
687,Pulmonology Unit 687,12,143
688,Surgery Unit 688,11,188
689,Neurology Unit 689,4,462
690,ENT Unit 690,8,368
691,Surgery Unit 691,10,181
692,Endocrinology Unit 692,6,569
693,Gastroenterology Unit 693,7,309
694,Pulmonology Unit 694,11,406
695,Neurology Unit 695,13,423
696,Pulmonology Unit 696,2,268
697,Pediatrics Unit 697,9,447
698,Nephrology Unit 698,5,229
699,Rehabilitation Unit 699,14,176
700,Pulmonology Unit 700,2,398
701,Radiology Unit 701,15,279
702,Gastroenterology Unit 702,11,457
703,Nephrology Unit 703,3,404
704,Orthopedics Unit 704,5,386
705,Nephrology Unit 705,11,505
706,Pulmonology Unit 706,14,165
707,Surgery Unit 707,2,430
708,Ophthalmology Unit 708,9,285
709,Cardiology Unit 709,6,258
710,Oncology Unit 710,4,274
711,Psychiatry Unit 711,4,215
712,Radiology Unit 712,3,139
713,Gastroenterology Unit 713,14,503
714,Pediatrics Unit 714,9,494
715,Anesthesiology Unit 715,14,478
716,Surgery Unit 716,1,438
717,Pulmonology Unit 717,15,492
718,Rehabilitation Unit 718,3,405
719,Nephrology Unit 719,3,183
720,Oncology Unit 720,14,454
721,Rehabilitation Unit 721,13,562
722,Oncology Unit 722,12,324
723,Neurology Unit 723,7,286
724,Emergency Unit 724,8,412
725,Gastroenterology Unit 725,13,483
726,ENT Unit 726,4,373
727,Emergency Unit 727,5,594
728,Psychiatry Unit 728,15,527
729,Dermatology Unit 729,6,447
730,Pathology Unit 730,8,336
731,Gastroenterology Unit 731,13,295
732,Surgery Unit 732,9,314
733,Oncology Unit 733,14,202
734,Rehabilitation Unit 734,3,546
735,Urology Unit 735,1,428
736,Psychiatry Unit 736,14,290
737,Anesthesiology Unit 737,15,152
738,Surgery Unit 738,14,163
739,Gastroenterology Unit 739,2,490
740,Oncology Unit 740,5,330
741,Surgery Unit 741,3,525
742,Ophthalmology Unit 742,2,584
743,Emergency Unit 743,14,330
744,Endocrinology Unit 744,15,113
745,Ophthalmology Unit 745,1,302
746,Surgery Unit 746,6,220
747,Nephrology Unit 747,2,291
748,Emergency Unit 748,1,263
749,Pediatrics Unit 749,14,465
750,Pulmonology Unit 750,13,174
751,Radiology Unit 751,1,246
752,Psychiatry Unit 752,12,525
753,Radiology Unit 753,13,461
754,Psychiatry Unit 754,8,415
755,Cardiology Unit 755,15,140
756,Cardiology Unit 756,5,210
757,Radiology Unit 757,9,581
758,Rehabilitation Unit 758,9,316
759,Pediatrics Unit 759,13,247
760,Emergency Unit 760,5,162
761,Neurology Unit 761,4,314
762,Rehabilitation Unit 762,8,132
763,Pediatrics Unit 763,14,563
764,Psychiatry Unit 764,10,374
765,Cardiology Unit 765,11,363
766,Pathology Unit 766,4,467
767,Radiology Unit 767,5,319
768,Cardiology Unit 768,10,280
769,Emergency Unit 769,10,313
770,Oncology Unit 770,11,442
771,Orthopedics Unit 771,9,599
772,Endocrinology Unit 772,2,588
773,Surgery Unit 773,9,359
774,Surgery Unit 774,9,110
775,Nephrology Unit 775,14,340
776,Neurology Unit 776,11,298
777,Endocrinology Unit 777,5,482
778,Cardiology Unit 778,6,503
779,Orthopedics Unit 779,6,223
780,Pediatrics Unit 780,13,397
781,Pulmonology Unit 781,3,122
782,Endocrinology Unit 782,9,273
783,Oncology Unit 783,14,498
784,ENT Unit 784,12,345
785,Oncology Unit 785,13,169
786,Orthopedics Unit 786,12,497
787,ENT Unit 787,1,250
788,Dermatology Unit 788,1,505
789,Dermatology Unit 789,15,121
790,Pulmonology Unit 790,15,258
791,Surgery Unit 791,7,517
792,Anesthesiology Unit 792,8,229
793,Neurology Unit 793,13,431
794,Dermatology Unit 794,5,282
795,Neurology Unit 795,14,435
796,Pulmonology Unit 796,5,163
797,Endocrinology Unit 797,7,555
798,Nephrology Unit 798,12,325
799,Nephrology Unit 799,6,598
800,Oncology Unit 800,8,454
801,Psychiatry Unit 801,6,573
802,Surgery Unit 802,5,510
803,Orthopedics Unit 803,12,317
804,Orthopedics Unit 804,7,408
805,Oncology Unit 805,9,250
806,Pulmonology Unit 806,2,140
807,Pulmonology Unit 807,11,251
808,Gastroenterology Unit 808,8,408
809,Ophthalmology Unit 809,3,453
810,ENT Unit 810,6,328
811,Neurology Unit 811,12,545
812,Endocrinology Unit 812,10,322
813,Urology Unit 813,11,505
814,Neurology Unit 814,2,443
815,Nephrology Unit 815,6,362
816,Oncology Unit 816,1,173
817,Rehabilitation Unit 817,11,500
818,ENT Unit 818,1,164
819,Orthopedics Unit 819,4,498
820,Endocrinology Unit 820,6,296
821,Pathology Unit 821,1,409
822,Radiology Unit 822,11,330
823,Endocrinology Unit 823,6,327
824,Orthopedics Unit 824,10,170
825,Surgery Unit 825,6,303
826,Pulmonology Unit 826,11,242
827,Emergency Unit 827,2,113
828,Oncology Unit 828,8,365
829,Nephrology Unit 829,15,387
830,Pediatrics Unit 830,5,496
831,Urology Unit 831,12,328
832,Dermatology Unit 832,10,246
833,Psychiatry Unit 833,4,162
834,Radiology Unit 834,14,137
835,ENT Unit 835,3,560
836,ENT Unit 836,2,514
837,Pulmonology Unit 837,11,277
838,Orthopedics Unit 838,9,377
839,Gastroenterology Unit 839,15,253
840,Oncology Unit 840,12,463
841,Oncology Unit 841,13,285
842,Surgery Unit 842,4,162
843,Dermatology Unit 843,13,171
844,Emergency Unit 844,13,352
845,Cardiology Unit 845,6,383
846,Pathology Unit 846,6,339
847,Anesthesiology Unit 847,3,413
848,Orthopedics Unit 848,2,258
849,Nephrology Unit 849,12,468
850,Psychiatry Unit 850,9,310
851,Ophthalmology Unit 851,14,394
852,Orthopedics Unit 852,3,597
853,Pulmonology Unit 853,11,137
854,ENT Unit 854,8,448
855,Surgery Unit 855,6,165
856,Anesthesiology Unit 856,11,400
857,Oncology Unit 857,13,594
858,Radiology Unit 858,7,357
859,Neurology Unit 859,14,163
860,Surgery Unit 860,3,255
861,Oncology Unit 861,3,265
862,Emergency Unit 862,6,585
863,Surgery Unit 863,15,245
864,Orthopedics Unit 864,5,200
865,Anesthesiology Unit 865,5,164
866,Gastroenterology Unit 866,10,373
867,Orthopedics Unit 867,9,428
868,Oncology Unit 868,10,582
869,Pathology Unit 869,3,187
870,Rehabilitation Unit 870,12,561
871,Rehabilitation Unit 871,6,531
872,Pathology Unit 872,1,522
873,Cardiology Unit 873,2,123
874,Pathology Unit 874,5,433
875,Dermatology Unit 875,13,392
876,Ophthalmology Unit 876,10,427
877,Cardiology Unit 877,8,555
878,Anesthesiology Unit 878,5,428
879,Gastroenterology Unit 879,8,225
880,Nephrology Unit 880,5,332
881,Orthopedics Unit 881,12,130
882,Oncology Unit 882,8,312
883,Psychiatry Unit 883,8,204
884,Pulmonology Unit 884,10,173
885,Pulmonology Unit 885,14,467
886,Pulmonology Unit 886,12,540
887,Endocrinology Unit 887,7,166
888,Endocrinology Unit 888,9,387
889,Pediatrics Unit 889,6,223
890,ENT Unit 890,2,236
891,ENT Unit 891,4,172
892,Pediatrics Unit 892,1,248
893,Nephrology Unit 893,14,415
894,Ophthalmology Unit 894,4,592
895,Oncology Unit 895,14,267
896,Pathology Unit 896,12,260
897,Dermatology Unit 897,13,181
898,Psychiatry Unit 898,9,339
899,Psychiatry Unit 899,15,257
900,Psychiatry Unit 900,1,146
901,Nephrology Unit 901,9,334
902,Emergency Unit 902,4,398
903,Endocrinology Unit 903,1,125
904,Gastroenterology Unit 904,8,405
905,Psychiatry Unit 905,5,374
906,Cardiology Unit 906,14,155
907,Ophthalmology Unit 907,3,551
908,Urology Unit 908,12,287
909,Nephrology Unit 909,6,123
910,Nephrology Unit 910,1,391
911,Anesthesiology Unit 911,4,285
912,Anesthesiology Unit 912,5,137
913,Nephrology Unit 913,9,330
914,Anesthesiology Unit 914,5,522
915,Rehabilitation Unit 915,11,412
916,Pediatrics Unit 916,3,599
917,Pediatrics Unit 917,7,291
918,Pulmonology Unit 918,9,580
919,Endocrinology Unit 919,13,173
920,Dermatology Unit 920,10,360
921,Nephrology Unit 921,9,120
922,Neurology Unit 922,1,170
923,Pulmonology Unit 923,13,342
924,Surgery Unit 924,8,176
925,Rehabilitation Unit 925,15,363
926,Radiology Unit 926,6,576
927,Rehabilitation Unit 927,6,183
928,Nephrology Unit 928,10,478
929,Gastroenterology Unit 929,10,272
930,Surgery Unit 930,14,360
931,Anesthesiology Unit 931,8,462
932,Pathology Unit 932,5,343
933,Cardiology Unit 933,6,269
934,Pediatrics Unit 934,7,398
935,Gastroenterology Unit 935,13,560
936,Cardiology Unit 936,10,342
937,Urology Unit 937,11,500
938,Pathology Unit 938,10,216
939,Neurology Unit 939,10,345
940,Oncology Unit 940,9,422
941,Rehabilitation Unit 941,13,530
942,Nephrology Unit 942,3,520
943,Emergency Unit 943,1,393
944,Pediatrics Unit 944,4,109
945,ENT Unit 945,6,314
946,Radiology Unit 946,7,453
947,Dermatology Unit 947,7,356
948,Rehabilitation Unit 948,15,341
949,Neurology Unit 949,12,170
950,Surgery Unit 950,4,387
951,Pulmonology Unit 951,11,344
952,Surgery Unit 952,7,260
953,Oncology Unit 953,8,567
954,Anesthesiology Unit 954,6,379
955,Endocrinology Unit 955,11,495
956,Urology Unit 956,10,347
957,Dermatology Unit 957,4,242
958,Anesthesiology Unit 958,5,215
959,Gastroenterology Unit 959,13,247
960,Dermatology Unit 960,12,460
961,Psychiatry Unit 961,6,345
962,Endocrinology Unit 962,9,578
963,Urology Unit 963,5,162
964,Pathology Unit 964,11,378
965,Nephrology Unit 965,15,302
966,Endocrinology Unit 966,13,511
967,Radiology Unit 967,5,121
968,Gastroenterology Unit 968,12,140
969,Endocrinology Unit 969,15,326
970,Urology Unit 970,12,345
971,Dermatology Unit 971,4,523
972,Anesthesiology Unit 972,5,577
973,Anesthesiology Unit 973,12,239
974,Radiology Unit 974,2,415
975,Pathology Unit 975,4,224
976,Neurology Unit 976,11,563
977,Surgery Unit 977,4,426
978,Emergency Unit 978,1,151
979,Ophthalmology Unit 979,6,467
980,Psychiatry Unit 980,2,448
981,Radiology Unit 981,1,593
982,Anesthesiology Unit 982,15,180
983,Ophthalmology Unit 983,11,578
984,Psychiatry Unit 984,8,433
985,Dermatology Unit 985,13,593
986,Gastroenterology Unit 986,6,246
987,Neurology Unit 987,15,493
988,Orthopedics Unit 988,11,393
989,Emergency Unit 989,9,478
990,Neurology Unit 990,15,571
991,Oncology Unit 991,7,551
992,Oncology Unit 992,15,570
993,Neurology Unit 993,14,303
994,Psychiatry Unit 994,3,579
995,Gastroenterology Unit 995,15,119
996,Cardiology Unit 996,5,390
997,Rehabilitation Unit 997,2,575
998,Pulmonology Unit 998,5,332
999,Anesthesiology Unit 999,9,352
1000,Radiology Unit 1000,14,358
